{"flutter":{"platforms":{"android":{"default":{"projectId":"timecraft-1cbe5","appId":"1:98494694512:android:546302736fd19b768c20b5","fileOutput":"android/app/google-services.json"}},"dart":{"lib/firebase_options.dart":{"projectId":"timecraft-1cbe5","configurations":{"android":"1:98494694512:android:546302736fd19b768c20b5","ios":"1:98494694512:ios:25a8d5fe921212c98c20b5","macos":"1:98494694512:ios:25a8d5fe921212c98c20b5","web":"1:98494694512:web:28fa0f8db3250b9e8c20b5","windows":"1:98494694512:web:6cf3c3f9e33a373d8c20b5"}}}}}}